{
    "dev": {
        "awscloudformation": {
            "AuthRoleName": "amplify-vivai-dev-222740-authRole",
            "UnauthRoleArn": "arn:aws:iam::602384113088:role/amplify-vivai-dev-222740-unauthRole",
            "AuthRoleArn": "arn:aws:iam::602384113088:role/amplify-vivai-dev-222740-authRole",
            "Region": "eu-west-1",
            "DeploymentBucketName": "amplify-vivai-dev-222740-deployment",
            "UnauthRoleName": "amplify-vivai-dev-222740-unauthRole",
            "StackName": "amplify-vivai-dev-222740",
            "StackId": "arn:aws:cloudformation:eu-west-1:602384113088:stack/amplify-vivai-dev-222740/8d01dea0-840e-11ea-8156-0609dbbf2116",
            "AmplifyAppId": "d13jbom54lcvmu"
        },
        "categories": {
            "auth": {
                "vivaiad7ddd28": {}
            }
        }
    }
}