{
	"providers": {
		"awscloudformation": {
			"AuthRoleName": "amplify-vivai-dev-222740-authRole",
			"UnauthRoleArn": "arn:aws:iam::602384113088:role/amplify-vivai-dev-222740-unauthRole",
			"AuthRoleArn": "arn:aws:iam::602384113088:role/amplify-vivai-dev-222740-authRole",
			"Region": "eu-west-1",
			"DeploymentBucketName": "amplify-vivai-dev-222740-deployment",
			"UnauthRoleName": "amplify-vivai-dev-222740-unauthRole",
			"StackName": "amplify-vivai-dev-222740",
			"StackId": "arn:aws:cloudformation:eu-west-1:602384113088:stack/amplify-vivai-dev-222740/8d01dea0-840e-11ea-8156-0609dbbf2116",
			"AmplifyAppId": "d13jbom54lcvmu"
		},
		"categories": {
			"auth": {
				"vivaiad7ddd28": {}
			}
		}
	},
	"hosting": {
		"S3AndCloudFront": {
			"service": "S3AndCloudFront",
			"providerPlugin": "awscloudformation",
			"output": {
				"CloudFrontSecureURL": "https://d2tjjexf7u75k9.cloudfront.net",
				"S3BucketSecureURL": "https://vivaifrontend-dev.s3.amazonaws.com",
				"CloudFrontOriginAccessIdentity": "E2IX19W4EEFZGM",
				"WebsiteURL": "http://vivaifrontend-dev.s3-website-eu-west-1.amazonaws.com",
				"CloudFrontDistributionID": "E2IGJV3NI08CUA",
				"Region": "eu-west-1",
				"HostingBucketName": "vivaifrontend-dev",
				"CloudFrontDomainName": "d2tjjexf7u75k9.cloudfront.net"
			},
			"lastPushTimeStamp": "2020-04-26T18:49:17.727Z",
			"providerMetadata": {
				"s3TemplateURL": "https://s3.amazonaws.com/amplify-vivai-dev-222740-deployment/amplify-cfn-templates/hosting/template.json",
				"logicalId": "hostingS3AndCloudFront"
			},
			"lastPushDirHash": "vKalTg+1OLhYyCJW5qphYri1v0A="
		}
	},
	"auth": {
		"vivaiad7ddd28": {
			"service": "Cognito",
			"providerPlugin": "awscloudformation",
			"dependsOn": [],
			"customAuth": false,
			"output": {
				"AppClientSecret": "fr5nhdfgvt4mdd6k07asmsn7nk19lgc36d38huo9l5ekahb5ggh",
				"UserPoolId": "eu-west-1_yWOtGXG8m",
				"AppClientIDWeb": "1qtcf48oul8vg6et81i25kkgmk",
				"AppClientID": "7fd4nigia133vbqjorhtdk8vda",
				"IdentityPoolId": "eu-west-1:379d941a-1423-48cc-bb36-5986c4e36962",
				"IdentityPoolName": "vivaiad7ddd28_identitypool_ad7ddd28__dev",
				"UserPoolName": "vivaiad7ddd28_userpool_ad7ddd28"
			},
			"lastPushTimeStamp": "2020-04-26T18:49:17.725Z",
			"providerMetadata": {
				"s3TemplateURL": "https://s3.amazonaws.com/amplify-vivai-dev-222740-deployment/amplify-cfn-templates/auth/vivaiad7ddd28-cloudformation-template.yml",
				"logicalId": "authvivaiad7ddd28"
			}
		}
	}
}